[
  {
    "id": "evt-001",
    "orderId": "d7aab54e-3d60-4a0c-8c6f-1c4ea8a77d11",
    "type": "state_change",
    "actor": "cliente",
    "status": "received",
    "context": {
      "storeId": "lima",
      "source": "web"
    },
    "at": "2025-11-15T15:32:10.000Z"
  },
  {
    "id": "evt-002",
    "orderId": "d7aab54e-3d60-4a0c-8c6f-1c4ea8a77d11",
    "type": "state_change",
    "actor": "operador:lima",
    "status": "in_preparation",
    "context": {
      "storeId": "lima"
    },
    "at": "2025-11-15T15:40:12.000Z"
  },
  {
    "id": "evt-003",
    "orderId": "d7aab54e-3d60-4a0c-8c6f-1c4ea8a77d11",
    "type": "state_change",
    "actor": "operador:lima",
    "status": "ready",
    "context": {
      "storeId": "lima"
    },
    "at": "2025-11-15T16:15:18.000Z"
  },
  {
    "id": "52ae5653-4fbe-4471-b089-ee300ae33973",
    "orderId": "5705f77c-0015-4e4c-9172-998d9617fdd1",
    "type": "state_change",
    "actor": "cliente",
    "status": "received",
    "context": {
      "storeId": "sanisidro",
      "source": "web"
    },
    "at": "2025-11-19T15:18:33.983Z"
  },
  {
    "id": "943f8dff-f7d8-4aff-94fd-4cf9d42584bc",
    "orderId": "596c838c-70e9-4578-b4e7-181e7a90c96c",
    "type": "state_change",
    "actor": "cliente",
    "status": "received",
    "context": {
      "storeId": "lima",
      "source": "web"
    },
    "at": "2025-11-19T15:28:16.594Z"
  },
  {
    "id": "03c7df9d-6721-43fc-80ef-e0f7dff8c7b6",
    "orderId": "ed3b683c-2b07-4963-8e8a-f4b2282cd7c2",
    "type": "state_change",
    "actor": "cliente",
    "status": "received",
    "context": {
      "storeId": "miraflores",
      "source": "web"
    },
    "at": "2025-11-19T15:31:03.136Z"
  },
  {
    "id": "ed65b721-ed7f-4a71-8a36-c339e49e6a02",
    "orderId": "7c608288-7103-470b-a749-ca342454a9f1",
    "type": "state_change",
    "actor": "cliente",
    "status": "received",
    "context": {
      "storeId": "miraflores",
      "source": "web"
    },
    "at": "2025-11-19T15:39:20.557Z"
  },
  {
    "id": "86486095-4f9e-45d2-a3f7-1a2d23b02d0d",
    "orderId": "aa0c9497-5eb5-439a-b35b-447e467b691c",
    "type": "state_change",
    "actor": "cliente",
    "status": "received",
    "context": {
      "storeId": "lima",
      "source": "web"
    },
    "at": "2025-11-19T16:30:24.190Z"
  },
  {
    "id": "c2fdca5d-793b-4d62-a521-59fbfa66daf3",
    "orderId": "c82580e7-a0a5-4773-b995-f9f34a2474d6",
    "type": "state_change",
    "actor": "cliente",
    "status": "received",
    "context": {
      "storeId": "miraflores",
      "source": "web"
    },
    "at": "2025-11-19T16:56:37.675Z"
  },
  {
    "id": "c78b3f0a-3550-4c43-af1a-1fad52d0858d",
    "orderId": "7c608288-7103-470b-a749-ca342454a9f1",
    "type": "state_change",
    "actor": "Pedro Alvarado",
    "status": "in_preparation",
    "context": {
      "storeId": "miraflores"
    },
    "at": "2025-11-19T16:57:44.799Z"
  },
  {
    "id": "5920c79d-c72e-471d-84e1-1b89f49ce33f",
    "orderId": "35060b72-1c6b-44f5-885f-bcfb81a0ab9d",
    "type": "state_change",
    "actor": "cliente",
    "status": "received",
    "context": {
      "storeId": "lima",
      "source": "web"
    },
    "at": "2025-11-19T17:54:55.485Z"
  },
  {
    "id": "265360fc-d3d1-4986-b4e7-3b1d11a865b6",
    "orderId": "5820a4cd-3281-4016-aabe-b93f2395ed77",
    "type": "state_change",
    "actor": "cliente",
    "status": "received",
    "context": {
      "storeId": "sanisidro",
      "source": "web"
    },
    "at": "2025-11-19T17:58:43.004Z"
  },
  {
    "id": "27dadb9c-b4cc-4c9f-a42c-692e83fa0d30",
    "orderId": "5820a4cd-3281-4016-aabe-b93f2395ed77",
    "type": "state_change",
    "actor": "Ana Vidal",
    "status": "cancelled",
    "context": {
      "storeId": "sanisidro"
    },
    "at": "2025-11-19T18:00:26.365Z"
  },
  {
    "id": "910ad3a8-a65f-41fb-a343-3147f8812363",
    "orderId": "5705f77c-0015-4e4c-9172-998d9617fdd1",
    "type": "state_change",
    "actor": "Ana Vidal",
    "status": "in_preparation",
    "context": {
      "storeId": "sanisidro"
    },
    "at": "2025-11-19T18:00:43.274Z"
  },
  {
    "id": "008e6769-80ce-405f-8b83-2f38fe8f1804",
    "orderId": "5705f77c-0015-4e4c-9172-998d9617fdd1",
    "type": "state_change",
    "actor": "Ana Vidal",
    "status": "ready",
    "context": {
      "storeId": "sanisidro"
    },
    "at": "2025-11-19T18:00:43.276Z"
  },
  {
    "id": "fc8fb083-4072-436f-ac30-1029368bae9e",
    "orderId": "96008111-dbed-49ef-a35b-203cde6f7a3a",
    "type": "state_change",
    "actor": "cliente",
    "status": "received",
    "context": {
      "storeId": "lima",
      "source": "web"
    },
    "at": "2025-11-19T18:33:16.559Z"
  },
  {
    "id": "56b3277f-36d7-436d-9eed-36291f62efc5",
    "orderId": "0b169c36-2101-4bd6-87f3-ce49739ace60",
    "type": "state_change",
    "actor": "cliente",
    "status": "received",
    "context": {
      "storeId": "lima",
      "source": "web"
    },
    "at": "2025-11-19T19:00:13.721Z"
  },
  {
    "id": "455c6aa4-cfe7-431f-b0a2-f302dd24899c",
    "orderId": "61b543a3-78e0-43fd-815b-74a1d986b3ee",
    "type": "state_change",
    "actor": "cliente",
    "status": "received",
    "context": {
      "storeId": "sanisidro",
      "source": "web"
    },
    "at": "2025-11-19T20:11:45.212Z"
  },
  {
    "id": "90e0fc11-9198-425c-a7ea-206f6df99e01",
    "orderId": "61b543a3-78e0-43fd-815b-74a1d986b3ee",
    "type": "state_change",
    "actor": "Ana Vidal",
    "status": "in_preparation",
    "context": {
      "storeId": "sanisidro"
    },
    "at": "2025-11-19T20:12:40.330Z"
  },
  {
    "id": "133c3f7a-452d-43c8-9811-06fe57a7c7dd",
    "orderId": "61b543a3-78e0-43fd-815b-74a1d986b3ee",
    "type": "state_change",
    "actor": "Ana Vidal",
    "status": "ready",
    "context": {
      "storeId": "sanisidro"
    },
    "at": "2025-11-19T20:12:40.333Z"
  }
]