{
  "stores": [
    {
      "id": "lima",
      "code": "PV-LIM-01",
      "name": "Plaza Vea Lima Centro",
      "address": "Av. Garcilaso 1520, Lima",
      "timezone": "America/Lima",
      "inventory": {
        "prd-leche-entera": {
          "available": 12,
          "reserved": 6
        },
        "prd-pan-blanco": {
          "available": 22,
          "reserved": 2
        },
        "prd-huevos-docena": {
          "available": 20,
          "reserved": 0
        },
        "prd-arroz-superior": {
          "available": 51,
          "reserved": 4
        },
        "prd-queso-andino": {
          "available": 12,
          "reserved": 0
        },
        "prd-cafe-andino": {
          "available": 16,
          "reserved": 0
        }
      }
    },
    {
      "id": "miraflores",
      "code": "PV-MIR-11",
      "name": "Plaza Vea Miraflores",
      "address": "Av. Pardo 850, Miraflores",
      "timezone": "America/Lima",
      "inventory": {
        "prd-leche-entera": {
          "available": 3,
          "reserved": 7
        },
        "prd-pan-blanco": {
          "available": 0,
          "reserved": 12
        },
        "prd-huevos-docena": {
          "available": 14,
          "reserved": 0
        },
        "prd-arroz-superior": {
          "available": 28,
          "reserved": 0
        },
        "prd-queso-andino": {
          "available": 8,
          "reserved": 0
        },
        "prd-cafe-andino": {
          "available": 5,
          "reserved": 4
        }
      }
    },
    {
      "id": "sanisidro",
      "code": "PV-SI-07",
      "name": "Plaza Vea San Isidro",
      "address": "Av. Rivero 320, San Isidro",
      "timezone": "America/Lima",
      "inventory": {
        "prd-leche-entera": {
          "available": 9,
          "reserved": 0
        },
        "prd-pan-blanco": {
          "available": 8,
          "reserved": 0
        },
        "prd-huevos-docena": {
          "available": 10,
          "reserved": 0
        },
        "prd-arroz-superior": {
          "available": 33,
          "reserved": 0
        },
        "prd-queso-andino": {
          "available": 7,
          "reserved": 0
        },
        "prd-cafe-andino": {
          "available": 8,
          "reserved": 0
        }
      }
    }
  ]
}