[
  {
    "id": "d7aab54e-3d60-4a0c-8c6f-1c4ea8a77d11",
    "code": "PV-LIM-20251115-1478",
    "storeId": "lima",
    "customer": {
      "name": "Valeria Huamán",
      "email": "valeria@example.com",
      "phone": "+51 999 222 111",
      "documentId": "DNI 45896321"
    },
    "items": [
      {
        "id": "prd-leche-entera",
        "name": "Leche Entera 1L",
        "unitPrice": 4.5,
        "quantity": 2,
        "pickedQuantity": 2,
        "leadTimeMinutes": 40
      },
      {
        "id": "prd-arroz-superior",
        "name": "Arroz Superior 1Kg",
        "unitPrice": 2.8,
        "quantity": 1,
        "pickedQuantity": 1,
        "leadTimeMinutes": 20
      }
    ],
    "status": "ready",
    "summary": {
      "currency": "PEN",
      "total": 11.8,
      "itemsCount": 3
    },
    "pickupEta": "2025-11-15T17:00:00.000Z",
    "history": [
      {
        "status": "received",
        "label": "recibido",
        "actor": "cliente",
        "note": "Pedido creado desde la web",
        "at": "2025-11-15T15:32:10.000Z"
      },
      {
        "status": "in_preparation",
        "label": "en preparación",
        "actor": "operador:lima",
        "note": "Picking iniciado",
        "at": "2025-11-15T15:40:12.000Z"
      },
      {
        "status": "ready",
        "label": "listo para retiro",
        "actor": "operador:lima",
        "note": "Pedido listo para retiro",
        "at": "2025-11-15T16:15:18.000Z"
      }
    ],
    "createdAt": "2025-11-15T15:32:10.000Z",
    "updatedAt": "2025-11-15T16:15:18.000Z",
    "clientRequestId": "seed-order"
  },
  {
    "id": "f2749cfc-303d-4bb8-ab54-d2df6f73a917",
    "code": "PV-MIR-20251116-2211",
    "storeId": "miraflores",
    "customer": {
      "name": "Luis Prado",
      "email": "luis@example.com",
      "phone": "+51 988 321 654",
      "documentId": "DNI 40223311"
    },
    "items": [
      {
        "id": "prd-cafe-andino",
        "name": "Café Andino 250g",
        "unitPrice": 18.5,
        "quantity": 1,
        "pickedQuantity": 0,
        "leadTimeMinutes": 30
      },
      {
        "id": "prd-pan-blanco",
        "name": "Pan Blanco 500g",
        "unitPrice": 3.2,
        "quantity": 2,
        "pickedQuantity": 0,
        "leadTimeMinutes": 30
      }
    ],
    "status": "received",
    "summary": {
      "currency": "PEN",
      "total": 24.9,
      "itemsCount": 3
    },
    "pickupEta": "2025-11-16T19:00:00.000Z",
    "history": [
      {
        "status": "received",
        "label": "recibido",
        "actor": "cliente",
        "note": "Pedido creado desde la web",
        "at": "2025-11-16T18:10:00.000Z"
      }
    ],
    "createdAt": "2025-11-16T18:10:00.000Z",
    "updatedAt": "2025-11-19T16:57:26.005Z",
    "clientRequestId": "seed-order-2"
  },
  {
    "id": "5705f77c-0015-4e4c-9172-998d9617fdd1",
    "code": "PV-SAN-251119-8975",
    "storeId": "sanisidro",
    "customer": {
      "name": "jhon",
      "email": "ghg@dsfds.com",
      "phone": "2312313",
      "documentId": "1312312"
    },
    "items": [
      {
        "id": "prd-queso-andino",
        "name": "Queso Andino 250g",
        "unitPrice": 7.3,
        "quantity": 2,
        "pickedQuantity": 2,
        "leadTimeMinutes": 35
      },
      {
        "id": "prd-huevos-docena",
        "name": "Huevos de corral (docena)",
        "unitPrice": 6,
        "quantity": 1,
        "pickedQuantity": 1,
        "leadTimeMinutes": 25
      },
      {
        "id": "prd-pan-blanco",
        "name": "Pan Blanco 500g",
        "unitPrice": 3.2,
        "quantity": 7,
        "pickedQuantity": 7,
        "leadTimeMinutes": 30
      }
    ],
    "status": "ready",
    "summary": {
      "currency": "PEN",
      "total": 43,
      "itemsCount": 10
    },
    "pickupEta": "2025-11-19T16:48:33.982Z",
    "history": [
      {
        "status": "received",
        "label": "recibido",
        "actor": "cliente",
        "note": "Pedido creado desde la web",
        "at": "2025-11-19T15:18:33.982Z"
      },
      {
        "status": "in_preparation",
        "label": "en preparacion",
        "actor": "Ana Vidal",
        "note": "Picking iniciado",
        "at": "2025-11-19T18:00:43.273Z"
      },
      {
        "status": "ready",
        "label": "listo para retiro",
        "actor": "Ana Vidal",
        "note": "Pedido listo para retiro",
        "at": "2025-11-19T18:00:43.276Z"
      }
    ],
    "createdAt": "2025-11-19T15:18:33.982Z",
    "updatedAt": "2025-11-19T18:00:43.276Z",
    "clientRequestId": "web-mi65dfjs-xxt39mfu"
  },
  {
    "id": "596c838c-70e9-4578-b4e7-181e7a90c96c",
    "code": "PV-LIM-251119-7658",
    "storeId": "lima",
    "customer": {
      "name": "jhon",
      "email": "ghg@dsfds.com",
      "phone": "2312313",
      "documentId": "1312312"
    },
    "items": [
      {
        "id": "prd-leche-entera",
        "name": "Leche Entera 1L",
        "unitPrice": 4.5,
        "quantity": 1,
        "pickedQuantity": 0,
        "leadTimeMinutes": 40
      }
    ],
    "status": "received",
    "summary": {
      "currency": "PEN",
      "total": 4.5,
      "itemsCount": 1
    },
    "pickupEta": "2025-11-19T16:58:16.592Z",
    "history": [
      {
        "status": "received",
        "label": "recibido",
        "actor": "cliente",
        "note": "Pedido creado desde la web",
        "at": "2025-11-19T15:28:16.592Z"
      }
    ],
    "createdAt": "2025-11-19T15:28:16.591Z",
    "updatedAt": "2025-11-19T15:28:16.591Z",
    "clientRequestId": "web-mi65px3e-vzyj7zqt"
  },
  {
    "id": "ed3b683c-2b07-4963-8e8a-f4b2282cd7c2",
    "code": "PV-MIR-251119-4850",
    "storeId": "miraflores",
    "customer": {
      "name": "jhon",
      "email": "asdadsd2@gmail.com",
      "phone": "9129312",
      "documentId": "12313213|"
    },
    "items": [
      {
        "id": "prd-leche-entera",
        "name": "Leche Entera 1L",
        "unitPrice": 4.5,
        "quantity": 7,
        "pickedQuantity": 0,
        "leadTimeMinutes": 40
      }
    ],
    "status": "received",
    "summary": {
      "currency": "PEN",
      "total": 31.5,
      "itemsCount": 7
    },
    "pickupEta": "2025-11-19T17:01:03.134Z",
    "history": [
      {
        "status": "received",
        "label": "recibido",
        "actor": "cliente",
        "note": "Pedido creado desde la web",
        "at": "2025-11-19T15:31:03.134Z"
      }
    ],
    "createdAt": "2025-11-19T15:31:03.134Z",
    "updatedAt": "2025-11-19T15:31:03.134Z",
    "clientRequestId": "web-mi65thli-nemo1643"
  },
  {
    "id": "7c608288-7103-470b-a749-ca342454a9f1",
    "code": "PV-MIR-251119-6640",
    "storeId": "miraflores",
    "customer": {
      "name": "jhon",
      "email": "ghg@dsfds.com",
      "phone": "2312313",
      "documentId": "1312312"
    },
    "items": [
      {
        "id": "prd-pan-blanco",
        "name": "Pan Blanco 500g",
        "unitPrice": 3.2,
        "quantity": 12,
        "pickedQuantity": 1,
        "leadTimeMinutes": 30
      }
    ],
    "status": "in_preparation",
    "summary": {
      "currency": "PEN",
      "total": 38.400000000000006,
      "itemsCount": 12
    },
    "pickupEta": "2025-11-19T17:09:20.553Z",
    "history": [
      {
        "status": "received",
        "label": "recibido",
        "actor": "cliente",
        "note": "Pedido creado desde la web",
        "at": "2025-11-19T15:39:20.553Z"
      },
      {
        "status": "in_preparation",
        "label": "en preparacion",
        "actor": "Pedro Alvarado",
        "note": "Picking iniciado",
        "at": "2025-11-19T16:57:44.798Z"
      }
    ],
    "createdAt": "2025-11-19T15:39:20.553Z",
    "updatedAt": "2025-11-19T16:57:44.799Z",
    "clientRequestId": "web-mi6645eo-ulwh0995"
  },
  {
    "id": "aa0c9497-5eb5-439a-b35b-447e467b691c",
    "code": "PV-LIM-251119-1519",
    "storeId": "lima",
    "customer": {
      "name": "jhon",
      "email": "ghg@dsfds.com",
      "phone": "9129312",
      "documentId": "1312312"
    },
    "items": [
      {
        "id": "prd-leche-entera",
        "name": "Leche Entera 1L",
        "unitPrice": 4.5,
        "quantity": 1,
        "pickedQuantity": 0,
        "leadTimeMinutes": 40
      }
    ],
    "status": "received",
    "summary": {
      "currency": "PEN",
      "total": 4.5,
      "itemsCount": 1
    },
    "pickupEta": "2025-11-19T18:00:24.189Z",
    "history": [
      {
        "status": "received",
        "label": "recibido",
        "actor": "cliente",
        "note": "Pedido creado desde la web",
        "at": "2025-11-19T16:30:24.189Z"
      }
    ],
    "createdAt": "2025-11-19T16:30:24.188Z",
    "updatedAt": "2025-11-19T16:35:57.106Z",
    "clientRequestId": "web-mi67xtbd-6hl6uczx"
  },
  {
    "id": "c82580e7-a0a5-4773-b995-f9f34a2474d6",
    "code": "PV-MIR-251119-1003",
    "storeId": "miraflores",
    "customer": {
      "name": "saasda",
      "email": "asdasd@asdas.com",
      "phone": "13913912321",
      "documentId": "13231313"
    },
    "items": [
      {
        "id": "prd-cafe-andino",
        "name": "Café Andino 250g",
        "unitPrice": 18.5,
        "quantity": 4,
        "pickedQuantity": 0,
        "leadTimeMinutes": 30
      }
    ],
    "status": "received",
    "summary": {
      "currency": "PEN",
      "total": 74,
      "itemsCount": 4
    },
    "pickupEta": "2025-11-19T18:26:37.673Z",
    "history": [
      {
        "status": "received",
        "label": "recibido",
        "actor": "cliente",
        "note": "Pedido creado desde la web",
        "at": "2025-11-19T16:56:37.673Z"
      }
    ],
    "createdAt": "2025-11-19T16:56:37.673Z",
    "updatedAt": "2025-11-19T16:56:37.673Z",
    "clientRequestId": "web-mi68vjfm-vrj6y9a6"
  },
  {
    "id": "35060b72-1c6b-44f5-885f-bcfb81a0ab9d",
    "code": "PV-LIM-251119-3464",
    "storeId": "lima",
    "customer": {
      "name": "jhon",
      "email": "ghg@dsfds.com",
      "phone": "89898989",
      "documentId": "67867868"
    },
    "items": [
      {
        "id": "prd-arroz-superior",
        "name": "Arroz Superior 1Kg",
        "unitPrice": 2.8,
        "quantity": 4,
        "pickedQuantity": 0,
        "leadTimeMinutes": 20
      }
    ],
    "status": "received",
    "summary": {
      "currency": "PEN",
      "total": 11.2,
      "itemsCount": 4
    },
    "pickupEta": "2025-11-19T19:24:55.483Z",
    "history": [
      {
        "status": "received",
        "label": "recibido",
        "actor": "cliente",
        "note": "Pedido creado desde la web",
        "at": "2025-11-19T17:54:55.483Z"
      }
    ],
    "createdAt": "2025-11-19T17:54:55.482Z",
    "updatedAt": "2025-11-19T17:54:55.482Z",
    "clientRequestId": "web-mi6ayicq-c94tz7"
  },
  {
    "id": "5820a4cd-3281-4016-aabe-b93f2395ed77",
    "code": "PV-SAN-251119-3586",
    "storeId": "sanisidro",
    "customer": {
      "name": "etww",
      "email": "rwe@gmail.com",
      "phone": "1312244342",
      "documentId": "131231231"
    },
    "items": [
      {
        "id": "prd-pan-blanco",
        "name": "Pan Blanco 500g",
        "unitPrice": 3.2,
        "quantity": 1,
        "pickedQuantity": 0,
        "leadTimeMinutes": 30
      }
    ],
    "status": "cancelled",
    "summary": {
      "currency": "PEN",
      "total": 3.2,
      "itemsCount": 1
    },
    "pickupEta": "2025-11-19T19:28:43.002Z",
    "history": [
      {
        "status": "received",
        "label": "recibido",
        "actor": "cliente",
        "note": "Pedido creado desde la web",
        "at": "2025-11-19T17:58:43.002Z"
      },
      {
        "status": "cancelled",
        "label": "cancelado",
        "actor": "Ana Vidal",
        "note": "Estado actualizado",
        "at": "2025-11-19T18:00:26.365Z"
      }
    ],
    "createdAt": "2025-11-19T17:58:43.001Z",
    "updatedAt": "2025-11-19T18:00:26.365Z",
    "clientRequestId": "web-mi6b3dwy-xvffp4"
  },
  {
    "id": "96008111-dbed-49ef-a35b-203cde6f7a3a",
    "code": "PV-LIM-251119-8525",
    "storeId": "lima",
    "customer": {
      "name": "Juan Pérez",
      "email": "juan@example.com",
      "phone": "+51 999 111 222",
      "documentId": "DNI 12345678"
    },
    "items": [
      {
        "id": "prd-leche-entera",
        "name": "Leche Entera 1L",
        "unitPrice": 4.5,
        "quantity": 2,
        "pickedQuantity": 0,
        "leadTimeMinutes": 40
      },
      {
        "id": "prd-pan-blanco",
        "name": "Pan Blanco 500g",
        "unitPrice": 3.2,
        "quantity": 1,
        "pickedQuantity": 0,
        "leadTimeMinutes": 30
      }
    ],
    "status": "received",
    "summary": {
      "currency": "PEN",
      "total": 12.2,
      "itemsCount": 3
    },
    "pickupEta": "2025-11-19T20:03:16.556Z",
    "history": [
      {
        "status": "received",
        "label": "recibido",
        "actor": "cliente",
        "note": "Pedido creado desde la web",
        "at": "2025-11-19T18:33:16.556Z"
      }
    ],
    "createdAt": "2025-11-19T18:33:16.555Z",
    "updatedAt": "2025-11-19T18:33:16.555Z",
    "clientRequestId": "web-20231119-aaa111"
  },
  {
    "id": "0b169c36-2101-4bd6-87f3-ce49739ace60",
    "code": "PV-LIM-251119-6251",
    "storeId": "lima",
    "customer": {
      "name": "Juan Pérez",
      "email": "juan@example.com",
      "phone": "+51 999 111 222",
      "documentId": "DNI 12345678"
    },
    "items": [
      {
        "id": "prd-leche-entera",
        "name": "Leche Entera 1L",
        "unitPrice": 4.5,
        "quantity": 2,
        "pickedQuantity": 0,
        "leadTimeMinutes": 40
      },
      {
        "id": "prd-pan-blanco",
        "name": "Pan Blanco 500g",
        "unitPrice": 3.2,
        "quantity": 1,
        "pickedQuantity": 0,
        "leadTimeMinutes": 30
      }
    ],
    "status": "received",
    "summary": {
      "currency": "PEN",
      "total": 12.2,
      "itemsCount": 3
    },
    "pickupEta": "2025-11-19T20:30:13.694Z",
    "history": [
      {
        "status": "received",
        "label": "recibido",
        "actor": "cliente",
        "note": "Pedido creado desde la web",
        "at": "2025-11-19T19:00:13.694Z"
      }
    ],
    "createdAt": "2025-11-19T19:00:13.690Z",
    "updatedAt": "2025-11-19T19:00:13.690Z",
    "clientRequestId": "web-20231119-abc123"
  },
  {
    "id": "61b543a3-78e0-43fd-815b-74a1d986b3ee",
    "code": "PV-SAN-251119-5492",
    "storeId": "sanisidro",
    "customer": {
      "name": "jorge",
      "email": "asdasd@asdas.com",
      "phone": "2312313",
      "documentId": "12313213"
    },
    "items": [
      {
        "id": "prd-queso-andino",
        "name": "Queso Andino 250g",
        "unitPrice": 7.3,
        "quantity": 1,
        "pickedQuantity": 0,
        "leadTimeMinutes": 35
      }
    ],
    "status": "ready",
    "summary": {
      "currency": "PEN",
      "total": 7.3,
      "itemsCount": 1
    },
    "pickupEta": "2025-11-19T21:41:45.209Z",
    "history": [
      {
        "status": "received",
        "label": "recibido",
        "actor": "cliente",
        "note": "Pedido creado desde la web",
        "at": "2025-11-19T20:11:45.209Z"
      },
      {
        "status": "in_preparation",
        "label": "en preparacion",
        "actor": "Ana Vidal",
        "note": "Paso directo a listo",
        "at": "2025-11-19T20:12:40.330Z"
      },
      {
        "status": "ready",
        "label": "listo para retiro",
        "actor": "Ana Vidal",
        "note": "Estado actualizado",
        "at": "2025-11-19T20:12:40.332Z"
      }
    ],
    "createdAt": "2025-11-19T20:11:45.209Z",
    "updatedAt": "2025-11-19T20:12:40.332Z",
    "clientRequestId": "web-mi6fuh09-pq1ay4"
  }
]