[
  {
    "id": "prd-leche-entera",
    "sku": "LECH-001",
    "name": "Leche Entera 1L",
    "shortDescription": "Leche fresca pasteurizada para el día a día.",
    "details": "Leche entera UHT de 1 litro.",
    "price": 4.5,
    "unit": "botella",
    "image": "assets/product-leche.svg",
    "category": "Lácteos",
    "tags": [
      "frescos",
      "desayuno"
    ],
    "leadTimeMinutes": 40
  },
  {
    "id": "prd-pan-blanco",
    "sku": "PAN-500",
    "name": "Pan Blanco 500g",
    "shortDescription": "Pan tipo molde ideal para sandwich.",
    "details": "Presentación de 500 g de pan molde suave.",
    "price": 3.2,
    "unit": "bolsa",
    "image": "assets/product-pan.svg",
    "category": "Panadería",
    "tags": [
      "horneados"
    ],
    "leadTimeMinutes": 30
  },
  {
    "id": "prd-huevos-docena",
    "sku": "HUE-012",
    "name": "Huevos de corral (docena)",
    "shortDescription": "Docena de huevos frescos seleccionados.",
    "details": "Huevos AA empacados en bandeja reciclable.",
    "price": 6,
    "unit": "bandeja",
    "image": "assets/product-huevos.svg",
    "category": "Huevos",
    "tags": [
      "proteínas"
    ],
    "leadTimeMinutes": 25
  },
  {
    "id": "prd-arroz-superior",
    "sku": "ARR-001",
    "name": "Arroz Superior 1Kg",
    "shortDescription": "Grano largo, perfecto para guarniciones.",
    "details": "Saco de 1 kg de arroz extra calidad.",
    "price": 2.8,
    "unit": "bolsa",
    "image": "assets/product-arroz.svg",
    "category": "Granos",
    "tags": [
      "despensa"
    ],
    "leadTimeMinutes": 20
  },
  {
    "id": "prd-queso-andino",
    "sku": "QUES-210",
    "name": "Queso Andino 250g",
    "shortDescription": "Queso fresco ligeramente salado.",
    "details": "Bloque de 250 g listo para cortar.",
    "price": 7.3,
    "unit": "pieza",
    "image": "assets/product-queso.svg",
    "category": "Lácteos",
    "tags": [
      "snacks",
      "frescos"
    ],
    "leadTimeMinutes": 35
  },
  {
    "id": "prd-cafe-andino",
    "sku": "CAF-110",
    "name": "Café Andino 250g",
    "shortDescription": "Tostado medio, notas de cacao.",
    "details": "Café molido, bolsa resellable de 250 g.",
    "price": 18.5,
    "unit": "bolsa",
    "image": "assets/product-cafe.svg",
    "category": "Bebidas",
    "tags": [
      "desayuno",
      "premium"
    ],
    "leadTimeMinutes": 30
  }
]
